{
  "seed": 5,
  "splits": [
    "hh_rlhf",
    "nl_test"
  ],
  "sv_types": [
    "spanish",
    "spanish_can_english",
    "spanish_can_german",
    "spanish_can_spanish",
    "spanish_respond_in_english",
    "spanish_respond_in_english_v2",
    "spanish_respond_in_german",
    "spanish_respond_in_german_v2",
    "spanish_respond_in_spanish",
    "spanish_respond_in_spanish_v2"
  ],
  "alphas": [
    -0.1,
    -0.05,
    0.0,
    0.04,
    0.05,
    0.075,
    0.1
  ],
  "data": {
    "hh_rlhf": {
      "spanish": {
        "-0.1": 0.0,
        "-0.05": 0.0,
        "0.0": 0.0,
        "0.04": 1.0,
        "0.05": 26.3,
        "0.1": 97.05,
        "0.075": 92.35
      },
      "spanish_can_english": {
        "-0.1": 0.0,
        "-0.05": 0.0,
        "0.0": 0.0,
        "0.04": 2.7,
        "0.05": 21.9,
        "0.1": 97.05,
        "0.075": 92.1
      },
      "spanish_can_german": {
        "-0.1": 0.0,
        "-0.05": 0.0,
        "0.0": 0.0,
        "0.04": 0.8,
        "0.05": 21.4,
        "0.1": 97.15,
        "0.075": 92.0
      },
      "spanish_can_spanish": {
        "-0.1": 0.0,
        "-0.05": 0.0,
        "0.0": 0.0,
        "0.04": 1.6,
        "0.05": 18.25,
        "0.1": 98.35,
        "0.075": 91.05
      },
      "spanish_respond_in_english": {
        "-0.1": 0.0,
        "-0.05": 0.0,
        "0.0": 0.0,
        "0.04": 1.0,
        "0.05": 24.0,
        "0.1": 98.45,
        "0.075": 91.55
      },
      "spanish_respond_in_english_v2": {
        "0.05": 27.9
      },
      "spanish_respond_in_german": {
        "-0.1": 0.0,
        "-0.05": 0.0,
        "0.0": 0.0,
        "0.04": 1.0,
        "0.05": 18.34,
        "0.1": 97.4,
        "0.075": 93.7
      },
      "spanish_respond_in_german_v2": {
        "0.05": 28.6
      },
      "spanish_respond_in_spanish": {
        "-0.1": 0.0,
        "-0.05": 0.0,
        "0.0": 0.0,
        "0.04": 1.9,
        "0.05": 18.95,
        "0.1": 96.9,
        "0.075": 90.3
      },
      "spanish_respond_in_spanish_v2": {
        "0.05": 35.0
      }
    },
    "nl_test": {
      "spanish": {
        "-0.1": 0.0,
        "-0.05": 0.0,
        "0.0": 0.0,
        "0.04": 0.3448275862068966,
        "0.05": 45.3448275862069,
        "0.1": 97.42528735632185,
        "0.075": 96.34482758620689
      },
      "spanish_can_english": {
        "-0.1": 0.0,
        "-0.05": 0.0,
        "0.0": 0.0,
        "0.04": 0.8620689655172413,
        "0.05": 43.5632183908046,
        "0.1": 96.44827586206897,
        "0.075": 95.88505747126437
      },
      "spanish_can_german": {
        "-0.1": 0.0,
        "-0.05": 0.0,
        "0.0": 0.0,
        "0.04": 0.0,
        "0.05": 31.264367816091955,
        "0.1": 97.1264367816092,
        "0.075": 95.8735632183908
      },
      "spanish_can_spanish": {
        "-0.1": 0.0,
        "-0.05": 0.0,
        "0.0": 0.0,
        "0.04": 0.8045977011494253,
        "0.05": 40.51724137931034,
        "0.1": 95.14942528735632,
        "0.075": 96.89655172413794
      },
      "spanish_respond_in_english": {
        "-0.1": 0.0,
        "-0.05": 0.0,
        "0.0": 0.0,
        "0.04": 1.896551724137931,
        "0.05": 42.64367816091954,
        "0.1": 96.95402298850574,
        "0.075": 97.24137931034483
      },
      "spanish_respond_in_english_v2": {
        "0.05": 43.45977011494253
      },
      "spanish_respond_in_german": {
        "-0.1": 0.0,
        "-0.05": 0.0,
        "0.0": 0.0,
        "0.04": 1.1494252873563218,
        "0.05": 38.98850574712644,
        "0.1": 97.26436781609195,
        "0.075": 96.74712643678161
      },
      "spanish_respond_in_german_v2": {
        "0.05": 48.172413793103445
      },
      "spanish_respond_in_spanish": {
        "-0.1": 0.0,
        "-0.05": 0.0,
        "0.0": 0.0,
        "0.04": 0.9195402298850575,
        "0.05": 37.87356321839081,
        "0.1": 96.72413793103448,
        "0.075": 96.40229885057471
      },
      "spanish_respond_in_spanish_v2": {
        "0.05": 56.55172413793103
      }
    }
  },
  "baseline": {
    "hh_rlhf": 0.0,
    "nl_test": 0.0
  }
}