{
  "seed": 11,
  "splits": [
    "hh_rlhf",
    "nl_test"
  ],
  "sv_types": [
    "spanish",
    "spanish_can_english",
    "spanish_can_german",
    "spanish_can_spanish",
    "spanish_respond_in_english",
    "spanish_respond_in_english_v2",
    "spanish_respond_in_german",
    "spanish_respond_in_german_v2",
    "spanish_respond_in_spanish",
    "spanish_respond_in_spanish_v2"
  ],
  "alphas": [
    -0.1,
    -0.05,
    0.0,
    0.04,
    0.05,
    0.075,
    0.1
  ],
  "data": {
    "hh_rlhf": {
      "spanish": {
        "-0.1": 0.0,
        "-0.05": 0.0,
        "0.0": 0.0,
        "0.04": 0.2,
        "0.05": 20.6,
        "0.075": 88.7,
        "0.1": 96.7
      },
      "spanish_can_english": {
        "-0.1": 0.0,
        "-0.05": 0.0,
        "0.0": 0.0,
        "0.04": 1.75,
        "0.05": 14.3,
        "0.075": 91.0,
        "0.1": 97.0
      },
      "spanish_can_german": {
        "-0.1": 0.0,
        "-0.05": 0.0,
        "0.0": 0.0,
        "0.04": 2.55,
        "0.05": 13.0,
        "0.075": 88.5,
        "0.1": 96.65
      },
      "spanish_can_spanish": {
        "-0.1": 0.0,
        "-0.05": 0.0,
        "0.0": 0.0,
        "0.04": 0.0,
        "0.05": 13.45,
        "0.075": 91.7,
        "0.1": 97.15
      },
      "spanish_respond_in_english": {
        "-0.1": 0.0,
        "-0.05": 0.0,
        "0.0": 0.0,
        "0.04": 1.8,
        "0.05": 16.65,
        "0.075": 87.4,
        "0.1": 96.45
      },
      "spanish_respond_in_english_v2": {
        "0.05": 15.05
      },
      "spanish_respond_in_german": {
        "-0.1": 0.0,
        "-0.05": 0.0,
        "0.0": 0.0,
        "0.04": 1.8,
        "0.05": 9.2,
        "0.075": 90.3,
        "0.1": 97.3
      },
      "spanish_respond_in_german_v2": {
        "0.05": 22.6
      },
      "spanish_respond_in_spanish": {
        "-0.1": 0.0,
        "-0.05": 0.0,
        "0.0": 0.0,
        "0.04": 1.0,
        "0.05": 14.65,
        "0.075": 88.85,
        "0.1": 97.6
      },
      "spanish_respond_in_spanish_v2": {
        "0.05": 26.45
      }
    },
    "nl_test": {
      "spanish": {
        "-0.1": 0.0,
        "-0.05": 0.0,
        "0.0": 0.0,
        "0.04": 0.0,
        "0.05": 32.06896551724138,
        "0.075": 95.54022988505747,
        "0.1": 96.72413793103448
      },
      "spanish_can_english": {
        "-0.1": 0.0,
        "-0.05": 0.0,
        "0.0": 0.0,
        "0.04": 0.0,
        "0.05": 29.080459770114942,
        "0.075": 95.816091954023,
        "0.1": 96.95402298850574
      },
      "spanish_can_german": {
        "-0.1": 0.0,
        "-0.05": 0.0,
        "0.0": 0.0,
        "0.04": 0.0,
        "0.05": 18.103448275862068,
        "0.075": 96.96551724137932,
        "0.1": 97.8735632183908
      },
      "spanish_can_spanish": {
        "-0.1": 0.0,
        "-0.05": 0.0,
        "0.0": 0.0,
        "0.04": 0.0,
        "0.05": 23.103448275862068,
        "0.075": 95.57471264367815,
        "0.1": 96.9080459770115
      },
      "spanish_respond_in_english": {
        "-0.1": 0.0,
        "-0.05": 0.0,
        "0.0": 0.0,
        "0.04": 0.0,
        "0.05": 26.7816091954023,
        "0.075": 97.25287356321839,
        "0.1": 97.20689655172414
      },
      "spanish_respond_in_english_v2": {
        "0.05": 28.804597701149426
      },
      "spanish_respond_in_german": {
        "-0.1": 0.0,
        "-0.05": 0.0,
        "0.0": 0.0,
        "0.04": 0.0,
        "0.05": 17.126436781609197,
        "0.075": 95.45977011494253,
        "0.1": 96.80459770114942
      },
      "spanish_respond_in_german_v2": {
        "0.05": 33.735632183908045
      },
      "spanish_respond_in_spanish": {
        "-0.1": 0.0,
        "-0.05": 0.0,
        "0.0": 0.0,
        "0.04": 0.8045977011494253,
        "0.05": 21.60919540229885,
        "0.075": 95.63218390804597,
        "0.1": 96.11494252873563
      },
      "spanish_respond_in_spanish_v2": {
        "0.05": 43.44827586206897
      }
    }
  },
  "baseline": {
    "hh_rlhf": 0.0,
    "nl_test": 0.0
  }
}