{
  "seed": 1,
  "splits": [
    "hh_rlhf",
    "nl_test"
  ],
  "sv_types": [
    "spanish",
    "spanish_can_english",
    "spanish_can_german",
    "spanish_can_spanish",
    "spanish_respond_in_english",
    "spanish_respond_in_english_v2",
    "spanish_respond_in_german",
    "spanish_respond_in_german_v2",
    "spanish_respond_in_spanish",
    "spanish_respond_in_spanish_v2"
  ],
  "alphas": [
    -0.1,
    -0.05,
    0.0,
    0.04,
    0.05,
    0.075,
    0.1
  ],
  "data": {
    "hh_rlhf": {
      "spanish": {
        "-0.1": 0.0,
        "-0.05": 0.0,
        "0.0": 0.0,
        "0.04": 0.6,
        "0.05": 9.3,
        "0.1": 96.65,
        "0.075": 86.9
      },
      "spanish_can_english": {
        "-0.1": 0.0,
        "-0.05": 0.0,
        "0.0": 0.0,
        "0.04": 0.8,
        "0.05": 12.75,
        "0.1": 96.85,
        "0.075": 84.95
      },
      "spanish_can_german": {
        "-0.1": 0.0,
        "-0.05": 0.0,
        "0.0": 0.0,
        "0.04": 1.0,
        "0.05": 4.75,
        "0.1": 96.85,
        "0.075": 83.35
      },
      "spanish_can_spanish": {
        "-0.1": 0.0,
        "-0.05": 0.0,
        "0.0": 0.0,
        "0.04": 1.0,
        "0.05": 5.0,
        "0.1": 97.5,
        "0.075": 83.6
      },
      "spanish_respond_in_english": {
        "-0.1": 0.0,
        "-0.05": 0.0,
        "0.0": 0.0,
        "0.04": 1.0,
        "0.05": 13.05,
        "0.1": 96.2,
        "0.075": 87.1
      },
      "spanish_respond_in_english_v2": {
        "0.05": 10.2
      },
      "spanish_respond_in_german": {
        "-0.1": 0.0,
        "-0.05": 0.0,
        "0.0": 0.0,
        "0.04": 1.5,
        "0.05": 6.8,
        "0.1": 96.55,
        "0.075": 82.15
      },
      "spanish_respond_in_german_v2": {
        "0.05": 12.15
      },
      "spanish_respond_in_spanish": {
        "-0.1": 0.0,
        "-0.05": 0.0,
        "0.0": 0.0,
        "0.04": 0.0,
        "0.05": 6.95,
        "0.1": 95.75,
        "0.075": 86.0
      },
      "spanish_respond_in_spanish_v2": {
        "0.05": 18.6
      }
    },
    "nl_test": {
      "spanish": {
        "-0.1": 0.0,
        "-0.05": 0.0,
        "0.0": 0.0,
        "0.04": 0.0,
        "0.05": 21.60919540229885,
        "0.1": 96.89655172413794,
        "0.075": 95.80459770114942
      },
      "spanish_can_english": {
        "-0.1": 0.0,
        "-0.05": 0.0,
        "0.0": 0.0,
        "0.04": 0.0,
        "0.05": 15.977011494252874,
        "0.1": 96.62068965517241,
        "0.075": 94.77011494252874
      },
      "spanish_can_german": {
        "-0.1": 0.0,
        "-0.05": 0.0,
        "0.0": 0.0,
        "0.04": 0.0,
        "0.05": 6.264367816091954,
        "0.1": 96.97701149425288,
        "0.075": 94.94252873563218
      },
      "spanish_can_spanish": {
        "-0.1": 0.0,
        "-0.05": 0.0,
        "0.0": 0.0,
        "0.04": 0.0,
        "0.05": 4.367816091954023,
        "0.1": 97.41379310344827,
        "0.075": 94.60919540229885
      },
      "spanish_respond_in_english": {
        "-0.1": 0.0,
        "-0.05": 0.0,
        "0.0": 0.0,
        "0.04": 0.0,
        "0.05": 11.494252873563218,
        "0.1": 97.06896551724138,
        "0.075": 97.03448275862068
      },
      "spanish_respond_in_english_v2": {
        "0.05": 24.195402298850574
      },
      "spanish_respond_in_german": {
        "-0.1": 0.0,
        "-0.05": 0.0,
        "0.0": 0.0,
        "0.04": 0.0,
        "0.05": 7.068965517241379,
        "0.1": 97.3103448275862,
        "0.075": 95.74712643678161
      },
      "spanish_respond_in_german_v2": {
        "0.05": 21.551724137931036
      },
      "spanish_respond_in_spanish": {
        "-0.1": 0.0,
        "-0.05": 0.0,
        "0.0": 0.0,
        "0.04": 0.0,
        "0.05": 9.770114942528735,
        "0.1": 96.60919540229885,
        "0.075": 96.95402298850574
      },
      "spanish_respond_in_spanish_v2": {
        "0.05": 29.195402298850574
      }
    }
  },
  "baseline": {
    "hh_rlhf": 0.0,
    "nl_test": 0.0
  }
}