{
  "control": {
    "n": 100,
    "mean": 0.3,
    "se": 0.30000000000000004,
    "scores": [
      0.0,
      0.0,
      0.0,
      0.0,
      0.0,
      0.0,
      0.0,
      0.0,
      0.0,
      0.0,
      0.0,
      0.0,
      0.0,
      0.0,
      0.0,
      0.0,
      0.0,
      0.0,
      0.0,
      0.0,
      0.0,
      0.0,
      0.0,
      0.0,
      30.0,
      0.0,
      0.0,
      0.0,
      0.0,
      0.0,
      0.0,
      0.0,
      0.0,
      0.0,
      0.0,
      0.0,
      0.0,
      0.0,
      0.0,
      0.0,
      0.0,
      0.0,
      0.0,
      0.0,
      0.0,
      0.0,
      0.0,
      0.0,
      0.0,
      0.0,
      0.0,
      0.0,
      0.0,
      0.0,
      0.0,
      0.0,
      0.0,
      0.0,
      0.0,
      0.0,
      0.0,
      0.0,
      0.0,
      0.0,
      0.0,
      0.0,
      0.0,
      0.0,
      0.0,
      0.0,
      0.0,
      0.0,
      0.0,
      0.0,
      0.0,
      0.0,
      0.0,
      0.0,
      0.0,
      0.0,
      0.0,
      0.0,
      0.0,
      0.0,
      0.0,
      0.0,
      0.0,
      0.0,
      0.0,
      0.0,
      0.0,
      0.0,
      0.0,
      0.0,
      0.0,
      0.0,
      0.0,
      0.0,
      0.0,
      0.0
    ]
  },
  "treatment": {
    "n": 100,
    "mean": 79.05,
    "se": 3.5281658897300376,
    "scores": [
      80.0,
      0.0,
      80.0,
      0.0,
      100.0,
      100.0,
      100.0,
      100.0,
      70.0,
      100.0,
      100.0,
      85.0,
      85.0,
      100.0,
      85.0,
      100.0,
      100.0,
      80.0,
      100.0,
      100.0,
      100.0,
      90.0,
      100.0,
      80.0,
      90.0,
      100.0,
      100.0,
      100.0,
      90.0,
      0.0,
      100.0,
      0.0,
      85.0,
      0.0,
      100.0,
      90.0,
      100.0,
      90.0,
      100.0,
      0.0,
      100.0,
      100.0,
      100.0,
      20.0,
      0.0,
      100.0,
      100.0,
      0.0,
      100.0,
      100.0,
      85.0,
      100.0,
      100.0,
      100.0,
      100.0,
      100.0,
      100.0,
      80.0,
      85.0,
      100.0,
      90.0,
      100.0,
      100.0,
      100.0,
      100.0,
      0.0,
      100.0,
      100.0,
      85.0,
      90.0,
      0.0,
      100.0,
      85.0,
      100.0,
      100.0,
      100.0,
      100.0,
      100.0,
      60.0,
      0.0,
      60.0,
      100.0,
      95.0,
      100.0,
      100.0,
      100.0,
      80.0,
      0.0,
      100.0,
      80.0,
      90.0,
      80.0,
      100.0,
      100.0,
      80.0,
      0.0,
      0.0,
      80.0,
      100.0,
      0.0
    ]
  }
}